"";"doc_id";"text";"docvar1";"docvar2"
"1";"Anhang_D_-_KZ-Aussenlager_ausserhalb_Sachsens_-_Maersche.pdf";"KZ-Außenlager außerhalb Sachsens – Märsche

Evakuierungen durch und nach Sachsen aus Außenlagern der Konzentrationslager
außerhalb Sachsens (ohne Zugänge in sächsische Außenlager)

Außenlager KZ Buchenwald   Altenburg (2), Sömmerda (84.1).
Betreiber                  HASAG Altenburg, Rheinmetall-Borsig AG in Sömmerda.
Stärke der Kolonne         2.443 Frauen und etwa 200 Männer aus elf europäischen
                           Nationen, dabei jüdische Häftlinge aus Polen, Ungarn und
                           Tschechei.
Beginn der Evakuierung     Am 4. April 1945 mussten die 1.259 ungarischen Jüdinnen vom
                           Lager Sömmerda zu Fuß über Buttstädt – Eckardtsberga – Bad
                           Kösen – Naumburg und Zeitz marschieren. Am 9./10. April
                           übernachteten sie im geräumten Außenlager Tröglitz/Rehmsdorf.
                           Am 10. April wurde die Kolonne geteilt und in die Außenlager
                           Meuselwitz und Altenburg getrieben. Angaben über Todesopfer
                           liegen nicht vor.
                           12./13. April 1945: Am Nachmittag verließen die Häftlinge der
                           HASAG Altenburg das Lager, etwa 200 marschunfähige Frauen
                           blieben zurück. Die Kolonne marschierte ins Pleißetal bei Münsa
                           – Gössnitz und erreichte Sachsen.

                                                               Verzeichnis der KZ-Außenlager 529



Marsch auf sächsischem Gebiet   12. April 1945: Am Morgen wurde die Kolonne der etwa 600 bis
                                650 Frauen aus Sömmerda weiter nach Süden getrieben und
                                erreichte auch Sachsen.
                                Die Altenburger marschierten nach Meerane, mindestens ein
                                Marschblock weiter über die Autobahn 4 nach Glauchau. Wegen
                                des Vorstoßes amerikanischer Truppen schwenkten die anderen
                                Marschblöcke vor der Autobahn nach Osten.
                                13./14. April 1945: Zwischen Meerane, Pfaffroda und anderen
                                Orten nördlich der A4 wurden zahlreiche Häftlinge befreit, allein
                                in Waldenburg/Sachsen über 800 ungarische Juden. Eine
                                Befreiung von Häftlingen fand auch in und um Glauchau statt.
                                Unter den Häftlingen aus Altenburg gab es durch die Kürze der
                                Strecke keine Todesopfer.
                                Ein Teil der Frauen aus Sömmerda waren zuvor schon weiter in
                                südöstliche Richtung (Lichtenstein/Stollberg) bis ins Sudetenland
                                getrieben worden.
weitere Evakuierung             In den Orten Boxgrün (Srny) und Hüttmesgrün (Vrch) wurden
                                Sömmerdaer Frauen von den Bewachern verlassen. Der genaue
                                Evakuierungsweg konnte nicht geklärt werden.
Ende/Befreiung                  Befreiung durch jeweils eintreffende alliierte Truppen.
Quellen                         Irmgard Seidel, Altenburg (Frauen), und dieselbe, Sömmerda, in:
                                Benz/Distel, Der Ort des Terrors, Band 3, S. 363–366, 575–577;
                                Archiv der Gedenkstätte Buchenwald, Transportlisten, Verände-
                                rungsmeldungen;
                                aussenlager.buchenwald.de/index.php?article_id=49 –
                                29.12.2014;
                                Kreisarchiv Landkreis Zwickau, Bestand Wabu II, Sign. 1985,
                                Bericht Ernst Hummel;
                                Museum Waldenburg , P. Meinhold, Waldenburg im Zeichen des
                                Umsturzes, 1995;
                                sfi.usc.edu – 26.11.2011;
                                ITS Bad Arolsen;
                                Eigene Recherche W. Heidrich und Ch. Schmidt im Zusammenar-
                                beit mit dem Altenburger Geschichtsverein;
                                Bundesarchiv, Außenstelle Ludwigsburg, Sömmerda, B
                                162/9306–9319–9313;


Außenlager KZ Buchenwald        Aschersleben, preußische Provinz Sachsen (4).
Betreiber                       Junkers Flugzeug- und Motorenwerke Aktiengesellschaft Dessau.
Stärke der Kolonne              Etwa 500 jüdische Frauen und etwa 450 politische Häftlinge
                                (Männer).
Beginn der Evakuierung          Vor dem 11. April 1945 erfolgten Lagerräumung und Marsch nach
                                Südosten (Alsleben – Könnern – Zörbig – Bitterfeld). Dabei zerfiel
                                die Kolonne in zwei Gruppen.

530 KZ-Außenlager außerhalb Sachsens – Märsche



Marsch auf sächsischem Gebiet      Bis 14. April 1945 erreichte eine Kolonne (4.1) Delitzsch und
                                   wurde mit der Bahn über Eilenburg – Torgau – Falkenberg/Elster
                                   – Riesa nach Leitmeritz gebracht.
                                   14. April 1945: Die zweite Kolonne (4.2) überquerte bei Bitter-
                                   feld die Mulde und die Gruppe gelangte nach Mühlbeck, wo sie
                                   von der Bevölkerung versorgt wurde. Hier wurden 68 Opfer
                                   (verschiedener Märsche durch das Gebiet) begraben (siehe auch
                                   (51)).
                                   15./16. April 1945: Nach einem Transport in die Gegend um
                                   Torgau Rückkehr nach Mühlbeck. Anschließend wurden die
                                   Häftlinge in Richtung Düben gebracht (4.2).
weitere Evakuierung                24. April 1945: Aufnahme von 259 jüdischen Häftlingen (mindes-
                                   tens 252 Frauen) in Theresienstadt. Nichtjüdische Häftlinge
                                   blieben in Leitmeritz zurück (4.1).
                                   30. April 1945: Nichtjüdische Häftlinge aus Leitmeritz
                                   (Litomerice) wurden in einem Bahntransport überstellt, der
                                   am 8./9. Mai 1945 bei Budweis befreit wurde.
Ende/Befreiung                     20. April 1945: Befreiung von etwa 200 Häftlingen bei Düben
                                   (4.2).
Quellen                            Irmgard Seidel, Aschersleben (Frauen) und Charles-Claude
                                   Biedermann, Aschersleben (Männer), in: Benz/Distel, Der Ort
                                   des Terrors, Band 3, S. 369–371 und 371–372;
                                   Archiv der Gedenkstätte Buchenwald, Transportlisten, Verände-
                                   rungsmeldungen;
                                   Greiser, Die Todesmärsche von Buchenwald;
                                   Poloncarz, Die Evakuierungstransporte nach Theresienstadt;
                                   aussenlager.buchenwald.de/index.php?article_id=37 –
                                   29.12.2014;
                                   sfi.usc.edu – 26.11.2011;
                                   ITS Bad Arolsen.


Außenlager KZ Groß-Rosen           Aslau (Osla), preußische Provinz Niederschlesien (5).
Betreiber                          Focke-Wulf-Flugzeugbau GmbH Bremen.
Stärke der Kolonne                 545 Männer, politische Häftlinge aus acht europäischen Ländern.
Beginn der Evakuierung             10.–12. Februar 1945: Marsch über Bunzlau (Boleslawiec) und
                                   Lauban (Luban) nach Görlitz.
Marsch auf sächsischem Gebiet      Bis 17. Februar 1945: Marsch auf der Strecke Königshain –
                                   ­Weißenberg – Bautzen – Crostwitz bis Kamenz.
                                    18./19. Februar 1945: In der Nacht wurde Großenhain erreicht.
                                    19. Februar 1945: Elbüberquerung in Riesa, Weitermarsch
                                    in Richtung Oschatz. Nach Überquerung der Elbe wurden das
                                    Marschtempo reduziert und größere Pausen eingelegt.
                                    20. bis 25. Februar 1945: Wurzen wurde passiert.
                                    Bis Ende Februar 1945: Über Eilenburg – Krostitz – Delitzsch
                                    wurde die Landesgrenze von Sachsen erreicht.

                                                               Verzeichnis der KZ-Außenlager 531



weitere Evakuierung             Der weitere Weg führte über Brehna – Eisleben – Sangerhausen
                                – Berga (heute Berga-Kelbra).
                                16. März 1945: 487 Überlebende des Marsches wurden in der
                                Boelcke-Kaserne Nordhausen (KZ Dora-Mittelbau) registriert.
Ende/Befreiung                  Die Überlebenden wurden mit der Bahn nach Bergen-Belsen
                                gebracht. Zahl der Befreiten ist nicht bekannt
Quellen                         Alfred Konieczny, Aslau, in: Benz/Distel, Der Ort des Terrors,
                                Band 6, S. 223–225;
                                Brief von K. Filek an Gemeindeverwaltung Großenhain vom
                                11. Februar 1992;
                                de.gross-rosen.eu/historia-kl-gross-rosen/filie-obozu-gross-
                                rosen, 20.11.2013.


Außenlager KZ Buchenwald        Berga/Elster (8).
Betreiber                       Braunkohle Benzin AG (BRABAG).
Stärke der Kolonne              1.447 Männer (unter anderem ehemalige Kriegsgefangene und
                                Juden)
Beginn der Evakuierung          12. April 1945: Marsch Berga/Elster – Teichwolframsdorf –
                                ­Gottesgrün (1†),
Marsch auf sächsischem Gebiet    13. bis 16. April 1945: Marsch Reuth – Neumark – Hauptmanns-
                                 grün (ein Todesfall) – Irfersgrün – Stangengrün – Obercrinitz
                                 (23 Fluchten, 3†) – Bärenwalde – Albernau – Bockau (vier
                                 geflüchtet) – Sosa (elf Todesfälle, vier geflüchtet) – Lindenau
                                 (drei geflüchtet 19. April 1945), weitere zwölf Geflüchtete
                                 erhielten in Lindenau im Mai 1945 Hilfe.
                                 17. April 1945: Steinheidel (sieben Todesfälle, vier geflüchtet)
                                 wurde passiert.
                                 18. April 1945: Marsch Breitenbrunn (einer geflüchtet) – Ritters-
                                 grün (ein Todesfall) – Goldenhöhe (Zlatý Kopec, zwölf Todesfälle)
                                 bis 21. April 1945. Sachsen wird bei Rittersgrün/Zlatý Kopec
                                 verlassen (zwölf Todesfälle). Die vier in Steinheidel Geflohenen
                                 wurden in Johanngeorgenstadt inhaftiert. Zwei starben am
                                 27./28. April, zwei wurden am Kriegsende befreit.
weitere Evakuierung              Der Marsch erfolgte weiter über Gottesgab (Boží Dar), Schmiede-
                                 berg (Kovárská) nach Theresienstadt und Manetin bei Pilsen
                                 (Plzen), mindestens 60 weitere Todesfälle auf heutigem tschechi-
                                 schem Gebiet.
Ende/Befreiung
Quellen                         Christine Schmidt, Berga/Elster (>Schwalbe V<), in: Benz/Distel,
                                Der Ort des Terrors, Band 3, S. 386–388;
                                aussenlager.buchenwald.de/index.php?article_id=80;
                                Greiser, Die Todesmärsche von Buchenwald;
                                Route des Todesmarsches, Service Public Fédéral Sécurité Sociale,
                                Service Victims de la Guerre, Evakuation de Berga am Elster,
                                143–4066, Commissariat Belge au Repatriement, Brüssel;
                                Stadtarchiv Schneeberg, Nr. L 61 Meldewesen, Bescheinigungen,
                                1945–1948;

532 KZ-Außenlager außerhalb Sachsens – Märsche



                                   Christine Schmidt, Der Todesmarsch des Buchenwald-Außen­
                                   lagers Berga/Elster; in: Jahrbuch Nr. 54 des Museums Reichen-
                                   fels-Hohenleuben;
                                   Sammlung Christine Schmidt.


Außenlager KZ Groß-Rosen           Bunzlau I (Boleslawiec), preußische Provinz
                                   ­Niederschlesien (11).
Betreiber                          Focke-Wulf-Flugzeugbau GmbH Bremen und andere.
Stärke der Kolonne                 700 bis 850 jüdische Männer.
Beginn der Evakuierung             11. Februar 1945: Abmarsch der marschfähigen Häftlinge in
                                   Richtung Görlitz. Im Lager blieben die kranken Häftlinge aus den
                                   Lagern Bunzlau I und II zurück. Etwa 150 Kranke wurden am
                                   12. Februar durch die Rote Armee befreit.
Marsch auf sächsischem Gebiet      Die Marschkolonne erreicht bei Görlitz Sachsen. Die weitere
                                   Marschroute wird mit Chemnitz – Leipzig – Halle – KZ Dora-Mit-
                                   telbau angegeben. Die Strecke ließ sich bisher nicht nachweisen.
weitere Evakuierung                25. März 1945: Im KZ Dora-Mittelbau wurden 541 Überlebende
                                   aus Bunzlau I registriert. Von dort mussten wahrscheinlich alle
                                   Häftlinge nach Bergen-Belsen weitermarschieren.
Ende/Befreiung                     43 Überlebende wurden im April 1945 im KZ Bergen-Belsen
                                   befreit. Drei weitere Überlebende gaben an, über das KZ Dora-
                                   Mittelbau nach Bergen-Belsen evakuiert worden zu sein.
Besonderheiten                     Das Arbeitskommando Rauscha (Ruszów) (76) gehörte ebenfalls
                                   zum Außenlager Bunzlau I. Dieses Kommando wurde am
                                   26. Februar 1945 in das Flossenbürger Außenlager Flöha
                                   evakuiert. Möglich ist, dass diese Verlegung bei der Ermittlung
                                   der Marschstrecke einbezogen wurde, ohne dass man dieses
                                   ausgewiesen hatte. Die näheren Umstände des Transports von
                                   Rauscha nach Flöha sind nicht bekannt.
Quellen                            Alfred Konieczny, Bunzlau I, in: Benz/Distel, Der Ort des Terrors,
                                   Band 6, S. 266–268;
                                   de.gross-rosen.eu/historia-kl-gross-rosen/filie-obozu-gross-
                                   rosen – 21.11.2013;
                                   sfi.usc.edu – 06.11.2011.


Außenlager KZ Groß-Rosen           Bunzlau II (Boleslawiec) preußische Provinz
                                   ­Niederschlesien (12).
Betreiber                          Focke-Wulf-Flugzeugbau GmbH Bremen.
Stärke der Kolonne                 Etwa 650 Männer, politische Häftlinge.
Beginn der Evakuierung             11. Februar 1945: Abmarsch der marschfähigen Häftlinge in
                                   Richtung Görlitz. Im Lager blieben die kranken Häftlinge aus den
                                   Lagern Bunzlau I und II zurück und wurden am 12. Februar
                                   durch die Rote Armee befreit.
Marsch auf sächsischem Gebiet      Bis 15. März 1945: Marsch Görlitz – Bautzen – Kamenz – Großen-
                                   hain – Riesa – Oschatz – Wurzen – Eilenburg – Halle.

                                                                Verzeichnis der KZ-Außenlager 533



weitere Evakuierung             Eisleben – Nordhausen (Boelcke-Kaserne). Während des Mar-
                                sches starben 155 Häftlinge.
                                16. März 1945: 441 Überlebende wurden registriert. 33 oder 36
                                von ihnen verstarben im Lager. Teilweise wurden die Häftlinge
                                nach Bergen-Belsen weiter evakuiert.
Ende/Befreiung                  15. April Befreiung KZ Bergen-Belsen
Quellen                         Alfred Konieczny, Bunzlau II, in: Benz/Distel, Der Ort des Terrors,
                                Band 6, S. 268–270;
                                de.gross-rosen.eu/historia-kl-gross-rosen/filie-obozu-gross-
                                rosen, 21.11.2013.


Außenlager KZ Groß-Rosen        Christianstadt (Krzystkowice) (14).
Betreiber                       GmbH zur Verwertung chemischer Erzeugnisse in der Spreng-
                                stoff- und Munitionsfabrik Christianstadt, Tarnnamen „Ulme“
                                und „Rüster“.
Stärke der Kolonne              1.000 Frauen und Mädchen.
Beginn der Evakuierung          Ende Januar kamen 200 Frauen in das AL Kratzau und danach
                                wurden die circa 800 Frauen in Marsch gesetzt.
Marsch auf sächsischem Gebiet   Wie die Kolonne des AL Neusalz überquerten die Frauen aus
                                Christianstadt bei Muskau die Neiße und in Pirna die Elbe und
                                gingen weiter über Liebstadt – Zinnwald und erreichten Nord-
                                böhmen.
weitere Evakuierung             Brüx (Most) – Komotau (Chomutov) – Karlsbad (Karlovy Vary) –
                                Eger (Cheb), von dort aus Bahntransport über Plauen – Gera –
                                Leipzig nach Celle und Fußmarsch ins KZ Bergen Belsen.
Ende/Befreiung                  15. April 1945 durch englische Truppen
Quellen                         Brenner, Todesmärsche und Todestransporte, S. 86–99;
                                Berichte von Zeitzeugen im Archiv Hans Brenner, Löbner,
                                Martina;
                                Andrea Rudorff, Christianstadt (Krzystkowice), in: Benz/Distel,
                                Der Ort des Terrors, Band 6, S. 270–275.


Außenlager KZ Buchenwald        Dessau (16).
Betreiber                       Waggonfabrik Dessau.
Stärke der Kolonne              338 männliche Häftlinge bei Evakuierungsbeginn.
Beginn der Evakuierung          Zwischen 14. und 20. April 1945 Abmarsch von 100 bis 150
                                Häftlingen aus Dessau.
Marsch auf sächsischem Gebiet   In Nachtmärschen erreichte man nach etwa fünf Tagen die Elbe
                                (wahrscheinlich im Raum Torgau). Dann wurden die Häftlinge auf
                                Kähne verladen und elbaufwärts gebracht.
weitere Evakuierung             In der Nähe von Leitmeritz (Litomerice) flohen am 8. Mai 1945
                                die Wachmannschaften des Transports.
Todesopfer/Vorkommnisse         20. April 1945: Vier Häftlinge in Dessau und während des
                                Marsches wurde mindestens ein Häftling erschossen. Eine
                                unbekannte Anzahl von Toten gab es bei dem Schiffstransport.

534 KZ-Außenlager außerhalb Sachsens – Märsche



Ende der Evakuierung               Etwa am 21. April Befreiung des Lagers durch amerikanische
                                   Truppen; am 8. Mai Ende des Schiffstransports.
Quellen                            Benoît Cazenave, Dessau, in: Benz/Distel, Der Ort des Terrors,
                                   Band 3, S. 410–412;
                                   Greiser, Die Todesmärsche von Buchenwald;
                                   aussenlager.buchenwald.de/index.php?article_id=74, 20.1.2014;
                                   Adolf Böhm (Hg), Grenzfluss Mulde, Beucha 2005.


Außenlager KZ Groß-Rosen           Gebhardsdorf (Giebultòw) (31).
Betreiber                          Firma Aerobau Heinrich Lehmann GmbH Berlin.
Stärke der Kolonne                 500 ungarische und polnische Jüdinnen und 260 Frauen des AL
                                   Gräflich-Röhrsdorf (Skarbkòw kolo Mirska).
Beginn der Evakuierung             17. Januar 1945: Über Raspenau (Raspenava) – Reichenberg
                                   (Liberec) nach Kratzau (Chrastava). Die Frauen aus Gräflich-
                                   Röhrsdorf blieben dort zurück und mussten in einer Munitions­
                                   fabrik arbeiten. Die Frauen aus Gebhardsdorf marschierten
                                   über Grottau (Hrádek nad Nisou) weiter.
Marsch auf sächsischem Gebiet      Marsch nach Zittau, wo im kalten Saal des Theaters übernachtet
                                   wurde. Dann Marsch über Großschönau nach St. Georgenthal
                                   (Jiretin nad Jedlovou). Während des Marschs wurden acht Frauen
                                   an einem mit Waffen beladenen Leiterwagen angebunden und
                                   zogen diesen.
weitere Evakuierung                Am Marschziel bildeten die Frauen das AL St. Georgenthal II des
                                   KZ Groß-Rosen. Sie wurden zur Produktion von Flugzeugteilen in
                                   einem Rüstungsbetrieb eingesetzt.
Ende/Befreiung                     8. Mai 1945 von sowjetischen Truppen.
Quellen                            Aneta Malek/Andrea Rudorff, Gräflich Röhrsdorf, in: Benz/Distel,
                                   Der Ort des Terrors, Band 6, S. 322–324;
                                   Brenner, Todesmärsche und Todestransporte, S. 18–25.


Außenlager KZ Groß-Rosen           Grünberg und Schlesiersee II (36).
                                   Schlesiersee (Slawa) I + II/Grünberg (Zielona Gòra),
                                   preußische Provinz Schlesien.
Betreiber                          Unternehmen „Berthold“ Bau von Befestigungsanlagen/Deutsche
                                   Wollwaren Manufaktur AG.
Stärke der Kolonne                 2.700 Frauen und Mädchen.
Beginn der Evakuierung             21. Januar 1945 von AL Schlesiersee I + II nach Grünberg, von
                                   dort zusammen mit Frauen des AL Grünberg in zwei Kolonnen
                                   am 29. Januar. 1. Gruppe circa 1.300 Frauen durch Bahntransport
                                   nach KZ Bergen Belsen, 2. Gruppe durch Marsch zuerst bis
                                   Helmbrechts.

                                                              Verzeichnis der KZ-Außenlager 535



Marsch auf sächsischem Gebiet   Muskau – Weißwasser – Nochten – Salzenforst (Massaker, 43
                                Frauen wurden erschossen) – 16. Februar Dresden – 18. Februar
                                Freiberg – 22. Februar Chemnitz – in Oelsnitz/V. wurden 179
                                marschunfähige Frauen in offenen Güterwagen nach Zwodau
                                (Svatava) gebracht. Die Übernachtung erfolgte in Theuma, die
                                anderen Häftlingsfrauen setzten den Marsch fort. 621 kamen am
                                6. März im AL Helmbrechts des KZ Flossenbürg an.
weitere Evakuierung             Am 13. April wurde der Marsch nach Zwodau (Swatava) fortge-
                                setzt, am 19. April zusammen mit den vorher Eingetroffenen. In
                                Wallern (Volary) kamen am 3. Mai die völlig entkräftete Frauen
                                an und die noch Gehfähigen wurden vom SS-Unterscharführer
                                Dörr nach Prachatitz (Prachatice) getrieben, der einen Befehl
                                Himmlers, die Ermordung von Juden einzustellen, missachtete.
                                Unterwegs gab es einen Tieffliegerangriff, Erschießungen und
                                Fluchten.
Ende/Befreiung                  Ein Teil wurde am 6. Mai von amerikanischen Truppen befreit.
                                Nur 138 der Frauen aus Schlesiersee überlebten den Marsch.
Quellen                         Hans Brenner, Todesmärsche über sächsische Straßen (Teil 2).
                                Evakuierung niederschlesischer Außenlager des KZ Groß-Rosen,
                                in: „Sächsische Heimatblätter“ 2/2006, S. 112–122;
                                Klaus Rauh, Helmbrechts. AL des KZ Flossenbürg, Helmbrechts
                                1983;
                                Brenner, Todesmärsche und Todestransporte, S. 42–69.


Außenlager KZ Buchenwald        Hadmersleben, preußische Provinz Sachsen (38).
Betreiber                       AGO Flugzeugwerke Hadmersleben, „Hans“.
Stärke der Kolonne              1.421 Männer, politische Häftlinge.
Beginn der Evakuierung          7. bis 11. April 1945: Häftlinge wurden in mehreren Gruppen aus
                                dem Lager getrieben. Eine Gruppe marschierte ostwärts bis zur
                                Elbe und wurde bei Aken oder „Rosenau“ (Roßlau) auf Elbkähne
                                verladen. Anschließend ging der Transport bis Lobositz (Lovo-
                                sice), möglicherweise zusammen mit den Häftlingen aus Dessau.
Marsch auf sächsischem Gebiet   Elbe Durchfahrt Sachsen.
weitere Evakuierung             Absonderung von Typhuskranken während des Transports und
                                Erschießungen.
Ende/Befreiung                  8. Mai 1945: Nach dem Anlegen bei Lobositz (Lovosice) setzen
                                sich die Wachmannschaften ab, Befreiung durch sowjetische
                                Truppen.
Quellen                         Christian Wussow, Hadmersleben (>Hans<), in: Benz/Distel,
                                Der Ort des Terrors, Band 3, S. 452–454;
                                aussenlager.buchenwald.de/index.php?article_id=90;
                                Greiser, Die Todesmärsche von Buchenwald.

536 KZ-Außenlager außerhalb Sachsens – Märsche




Außenlager KZ Groß-Rosen           Halbau (Ilowa), preußische Provinz Niederschlesien (40).
Betreiber                          Firma Winkler (Propellerbau).
Stärke der Kolonne                 Etwa 1.000 Männer, politische Häftlinge.
Beginn der Evakuierung             12. Februar 1945: Evakuierung der marschfähigen Häftlinge,
                                   wahrscheinlich in Richtung Rothenburg/Oberlausitz. Etwa 60
                                   kranke und marschunfähige Häftlinge wurden zurückgelassen.
                                   17. bis 20. Februar 1945: Die zurückgebliebenen Häftlinge
                                   wurden von der Roten Armee befreit.
Marsch auf sächsischem Gebiet      6. Februar 1945: Etwa 900 Häftlinge trafen in Dehnitz bei Wurzen
                                   ein und wurden in zwei Scheunen untergebracht. Die Marschstre-
                                   cke betrug mindestens 220 Kilometer und führte wahrscheinlich
                                   von Rothenburg über Niesky – Bautzen – Kamenz – Großenhain
                                   – Riesa und Wermsdorf nach Dehnitz.
weitere Evakuierung                1. März 1945: Die Häftlinge mussten nach Bennewitz marschie-
                                   ren und wurden dort in Güterwaggons verladen. Drei tote
                                   Häftlinge wurden am Lagerort begraben.
                                   20. März 1945: In Bergen-Belsen wurden etwa 600 Überlebende
                                   des Transports aus Halbau registriert.
Ende/Befreiung
Quellen                            Dorota Sula, Halbau, in: Benz/Distel, Der Ort des Terrors, Band 6,
                                   S. 337–340;
                                   de.gross-rosen.eu/historia-kl-gross-rosen/filie-obozu-gross-
                                   rosen, 21.11.2013;
                                   Netzwerk für Demokratische Kultur, Verschleppt – gequält – aus-
                                   gebeutet – vertrieben, Wurzen 2002, S. 27 f.;
                                   Auskunft von Bernd Horstmann, Gedenkstätte Bergen-Belsen, an
                                   Christine Schmidt vom 21.7.2015.


Außenlager KZ Buchenwald           Halberstadt, preußische Provinz Sachsen (41).
Betreiber                          Junkers Flugzeug- und Motoren AG Dessau.
Stärke der Kolonne                 Etwa 500 Männer, politische Häftlinge. Weitere 400 Häftlinge
                                   befanden sich in einem Außenkommando, welches im Außenlager
                                   „Malachit“ Halberstadt-Zwieberge eingerichtet worden war.
Beginn der Evakuierung             9. April 1945: Räumung des Lagers und Marsch über Könnern
                                   und Zörbig in südöstliche Richtung;
                                   14. April 1945: Marsch Bitterfeld – Düben – Pressel.
Marsch auf sächsischem Gebiet      17. April: Marschpause in Langenreichenbach (eine erfolgreiche
                                   Flucht);
                                   18. April: Marsch Luppa – Riesa;
                                   20. bis 22. April: Marsch bis Deutschenbora;
                                   22. bis 25. April: Marschpause in Deutschenbora;
                                   26. April: Marsch durch Freiberg;
                                   27. bis 29. April: Marsch bis Brand-Erbisdorf und Übernachtung
                                   vor Langenau im Wald;
                                   30. April: Weitermarsch nach Borstendorf. Ein Teil der Häftlinge
                                   wird mit Entlassungsschein freigelassen.
                                   7. Mai 1945: Marsch der freigelassenen Häftlinge über Grün­
                                   hainichen nach Klaffenbach.

                                                               Verzeichnis der KZ-Außenlager 537



Ende/Befreiung                  8. Mai 1945: Weitermarsch über Neukirchen – Mittelbach bis
                                Oberlungwitz, dort Kontakt mit amerikanischen Truppen und
                                Befreiung.
Quellen                         Denise Wesenberg/Ellen Fauser, Halberstadt, in: Benz/Distel,
                                Der Ort des Terrors, Band 3, S. 455–457;
                                Greiser, Die Todesmärsche von Buchenwald;
                                Bundesarchiv, Außenstelle Ludwigsburg, Akte 162/9546;
                                Archiv der Gedenkstätte Buchenwald, Häftlingslisten, Verände-
                                rungsmeldungen;
                                Staatsarchiv Leipzig, Bestand 20237, Rat des Bezirkes, VdN-
                                Akten, Akte 17731;
                                Dokumente der Gedenkstätte Langenstein-Zwieberge, Häftlings-
                                berichte (in Sammlung Christine Schmidt).

Außenlager KZ Groß-Rosen        Hartmannsdorf (Miloszów), preußische Provinz
                                ­Niederschlesien (42).
Betreiber                        Walter-Werke.
Stärke der Kolonne               Circa 700 Männer aus acht europäischen Ländern.
Beginn der Evakuierung           6. Februar 1945: Hartmannsdorf – Seidenberg (Zawidów).
Marsch auf sächsischem Gebiet    Zittau – (wahrscheinlich) Spitzkunnersdorf – Seifhennersdorf –
                                 Löbau – Bautzen – Kamenz – Königsbrück – Glauschnitz – Sacka
                                 – Thiendorf – Schönfeld – Quersa – Adelsdorf;
                                 28. Februar 1945: Großenhain – Wildenhain – Glaubitz – Zeithain
                                 – Röderau – Lessa – Bobersen – Gohlis – Kleinzschepa – Lorenz-
                                kirch – Strehla – Oppitsch – Rittergut Forberge bei Riesa;
                                1. März 1945: Gröba – Merzdorf – Canitz – Bornitz – Lonnewitz
                                – Oschatz – Lampersdorf – Hubertusburg – Wermsdorf – Mutz-
                                schen;
                                Ab 2. März 1945: Mutzschen – Pegau.
weitere Evakuierung             Weißenfels – Naumburg – Bad Kösen – Bad Sulza – Apolda –
                                ­Weimar;
                                 12. März 1945: Ankunft in Buchenwald.
Ende/Befreiung                   11. April 1945: Befreiung der im KZ Buchenwald befindlichen
                                 Häftlinge.
Quellen                          Dorota Sula, Hartmannsdorf, in: Benz/Distel, Der Ort des Terrors,
                                 Band 6, S. 343–346;
                                 Archiv der Gedenkstätte Buchenwald, Nr. 32–32–1, Brief von Otto
                                 Laukner an das Sekretariat des Buchenwald-Komitees vom
                                 29. Oktober 1947;
                                 Bundesarchiv, Außenstelle Ludwigsburg, Aktenzeichen IV 405
                                 AR-Z Band II.

538 KZ-Außenlager außerhalb Sachsens – Märsche




Außenlager KZ Dora-Mittelbau Harzungen, preußische Provinz Sachsen (43).
Betreiber                           SS, Bauvorhaben B 3.
Häftlingsstärke                     Etwa 6.500.
Beginn der Evakuierung              4. April 1945: Während die meisten Häftlinge nach Norddeutsch-
                                    land verbracht wurden, musste eine kleine Gruppe von etwa
                                    150 bis 200 Häftlingen nach Süden marschieren.
Verlauf/Orte                        17. April: Etwa 150 Häftlinge erreichten zu Fuß zwischen Boragk
                                    (Mühlberg) und Lichtensee sächsisches Gebiet und marschieren
                                    über Großenhain nach Folbern;
                                    18. April: Marsch von Folbern nach Radeburg;
                                    19. April: Marsch Radeburg – Radeberg – Stolpen;
                                    20. April: Marsch Stolpen – Sebnitz – Hinterhermsdorf;
                                    21. April: Von Hinterhermsdorf wurde Sachsen in Richtung
                                    Schönlinde (Krasna Lipa) verlassen. Weitermarsch in das AL
                                    Rabstein (Rabštejn) des KZ Flossenbürg. Befreiung einer
                                    Teilgruppe bei Lauenstein, Osterzgebirge
Todesopfer/Vorkommnisse             Keine Angaben bekannt.
Ende der Evakuierung                Nach einem am 8. Mai Marsch von Rabstein in Richtung Wern-
                                    stadt (Vernerice). Dort löst sich am 9. Mai 1945 die Kolonne auf.
Juristische Aufarbeitung            Keine Angaben bekannt
Quellen                             Jens-Christian Wagner, Harzungen, in: Benz/Distel, Der Ort des
                                    Terrors, Band 7, S. 310–312;
                                    Archiv Gedenkstätte Mittelbau-Dora;
                                    flossenbuerg.de/geschichte/aussenlager/aussenlager/rabstein-
                                    rabstejn-tarnname-zechstein/.

Außenlager KZ Groß-Rosen           Kittlitztreben (Trzebien), preußische Provinz
                                   ­Niederschlesien (37).
Betreiber                          Muna Kittlitztreben, Firma Stein & Teer.
Stärke der Kolonne                 1.200 jüdische Männer, überwiegend Polen und Ungarn.
Beginn der Evakuierung             9. Februar 1945: Marsch über Bunzlau nach Görlitz.
Marsch auf sächsischem Gebiet      Bis 28. Februar 1945: Marsch auf der Strecke Königshain – Wei-
                                   ßenberg – Bautzen – Pulsnitz – Langebrück – Autobahnbrücke
                                   Dresden – Weistropp – Hühndorf – Blankenstein;
                                   1. März: Neukirchen (sechs Todesfälle);
                                   2. bis 12. März: Krummenhennersdorf (Marschpause, 16 Todes-
                                   fälle);
                                   12./13. März: Langhennersdorf (neun Todesfälle);
                                   13. März: Bockendorf – Flöha – Erdmannsdorf (vier Todesfälle);
                                   14. März: Dittmannsdorf – Gornau – Weißbach (Todesfälle?);
                                   15. bis 17. März: Kemtau – Burkhardsdorf – Adorf (neun Todes-
                                   fälle);
                                   17./18. März: Erlbach-Kirchberg (sechs Todesfälle) – Lichten-
                                   stein;
                                   19. März: Zwickau – Königswalde – Lauterbach (neun Todesfälle);
                                   21. März 1945: Mannichswalde (fünf Todesfälle).

                                                               Verzeichnis der KZ-Außenlager 539



weitere Evakuierung             22. März 1945: Kauern (fünf oder sechs Todesfälle);
                                26. März: Gera/Zwötzen – Oberröppisch – Weißig – Markersdorf
                                – Saara;
                                27. bis 29. März: Eineborn – Ottendorf (Todesfälle?);
                                29. bis 31. März: Altendorf (ein Todesfall);
                                2. April: Milda (ein Todesfall) – Weitermarsch nach Buchenwald;
                                4. April: Ankunft von 746 Häftlingen in Buchenwald.
                                Der Marsch forderte mehr als 65 Tote. Ein großer Teil der
                                Häftlinge wurde ab 7. April weiter evakuiert und auf Todesmarsch
                                geschickt.
Ende/Befreiung                  11. April 1945: Befreiung der im KZ Buchenwald befindlichen
                                Häftlinge.
Quellen                         Barbara Sawicka, Kittlitztreben, in: Benz/Distel, Der Ort des
                                Terrors, Band 6, S. 360–363;
                                Privatarchiv Hans Brenner;
                                Sammlung Christine Schmidt;
                                Sächsisches Hauptstaatsarchiv Dresden, Landesregierung
                                Sachsen, Ministerium für Arbeit und Sozialfürsorge, Bestand
                                11391, Sign. 992, 993 und 994;
                                Dokumente des Bundesarchiv Außenstelle Ludwigsburg im
                                Archiv der Gedenkstätte Groß-Rosen;
                                Archiv Gedenkstätte Buchenwald, Veränderungsmeldungen;
                                Bundesarchiv Außenstelle Ludwigsburg, ZSL 410 AR-Z 105/68.

Außenlager KZ Buchenwald        Langenstein-Zwieberge, preußische Provinz Sachsen (51).
Betreiber                       Kommando „Malachit“, SS-Baustab B II; Kommando „Maifisch“
                                Organisation Todt.
Häftlingsstärke                 Etwa 4.400 nichtjüdische und jüdische Männer.
Beginn der Evakuierung          9. April 1945: Etwa 3.000 Häftlinge traten einen Marsch in
                                südöstliche Richtung an. Etwa 1.400 marschunfähige Häftlinge
                                blieben unversorgt im Lager zurück.
                                11. April 1945: 1.060 Häftlinge wurden durch amerikanische
                                Truppen im Lager befreit. Von ihnen sterben weitere 100 in den
                                nächsten Tagen an den Folgen der Zwangsarbeit.
                                Etwa 14. April 1945: Zumindest ein Teil der in 500er-Blöcke
                                aufgeteilten Marschkolonnen passiert die Mulde bei Bitterfeld.
                                Das Marschtempo war sehr hoch und forderte viele Opfer. Das
                                Gebiet zwischen Bitterfeld und Mühlbeck wurde in diesen Tagen
                                durch eine ganze Anzahl von Evakuierungsmärschen von
                                KZ-Häftlingen aus dem Harzvorland passiert.
                                Bis 16. April 1945: Die Häftlinge marschieren an der damaligen
                                Landesgrenze zwischen Sachsen und der preußischen Provinz
                                Sachsen bis über die Elbe. Eine Route führte über Krina, Söllichau
                                nach Trossin, eine zweite über Düben und Kossa nach Trossin,
                                von wo der Weg über Dommitzsch und Prettin in Richtung
                                Wittenberg ging.
Marsch auf sächsischem Gebiet   Zwischen Bitterfeld und Prettin marschierten die Marschblöcke
                                auf verschiedenen Routen an der heutigen Landesgrenze
                                Sachsens entlang.

540 KZ-Außenlager außerhalb Sachsens – Märsche



Todesopfer/Vorkommnisse            Bei Mühlbeck wurden im Sommer 1945 68 Opfer der Todes­
                                   märsche durch das Gebiet in einen Ehrenhain umgebettet. (siehe
                                   auch (4))
Ende der Evakuierung               Bis 28. April 1945: Einige hundert Überlebende der Marsch­
                                   kolonne wurden bei Wittenberg befreit.
Besonderheiten
Quellen                            Denise Wesenberg, Langenstein-Zwieberge, in: Benz/Distel,
                                   Der Ort des Terrors, Band 3, S. 487–491;
                                   Greiser, Die Todesmärsche von Buchenwald;
                                   Paul Le Goupil, Erinnerungen eines Normannen 1939–1945;
                                   aussenlager.buchenwald.de/index.php?article_id=121 –
                                   31.12.2014;
                                   sfi.usc.edu, 26.11.2011.


Außenlager KZ Sachsenhausen Lichtenburg-Prettin, Schloss Lichtenburg, preußische
                            Provinz Sachsen (56).
Betreiber                           SS-Hauptzeugamt, KZ Sachsenhausen.
Stärke der Kolonne                  47 Männer, Zeugen Jehova.
Beginn der Evakuierung              23. April 1945: Bei der Räumung des Standortes wurden die
                                    Häftlinge im Tross der SS-Einheit mitgenommen.
Marsch auf sächsischem Gebiet       Die Einheit wurde nach Hof bei Oschatz verlegt.
                                    3. Mai 1945: Die Häftlinge wurden freigelassen.
weitere Evakuierung
Ende/Befreiung                      6. Mai 1945: Durch den Vorstoß sowjetischer Truppen nach
                                    Süden wurde das Gebiet befreit.
Quellen                             Andreas Weigelt, Prettin (Lichtenburg), in: Benz/Distel, Der Ort
                                    des Terrors, Band 3, S. 258–260;
                                    Schiefer, Historischer Atlas zum Kriegsende 1945;
                                    de.wikipedia.org/wiki/KZ_Lichtenburg, 29.12.2014.


Außenlager KZ Groß-Rosen           Neusalz (Nowa Sòl), preußische Provinz Schlesien (66).
Betreiber                          Gruschwitz Textilwerke AG, Neusalz, Breslauer Str. 43.
Stärke der Kolonne                 1.000 jüdische Frauen und Mädchen.
Beginn der Evakuierung             31. Januar 1945 nach Christianstadt (Krzystkowice) in das
                                   dortige geräumte AL.
Marsch auf sächsischem Gebiet      Am 6. Februar 1945 über Muskau – Nochten (Übernachtung) –
                                   Weißwasser – Bautzen (Übernachtung in der Turnhalle des
                                   Schiller-Gymnasiums) – Bischofswerda – Helmsdorf (Nachtquar-
                                   tier in mehreren Scheunen) – Pirna – Zehista (zwei Übernachtun-
                                   gen) weiter über den Erzgebirgskamm nach Nordböhmen.
weitere Evakuierung                Der Marsch führte weiter über Karlsbad (Karlory Vary) nach
                                   Zwotau (Slatava), dort wurden 869 Häftlinge registriert – KZ
                                   Flossenbürg. Am 17. März wurden die Frauen in teils offenen
                                   Kohlewagen verladen und über Sachsen – in Leipzig erfolgte ein
                                   Bombenangriff – nach Bergen Belsen transportiert. 427 wurden
                                   dort im Konzentrationslager nach siebentägiger Fahrt registriert.

                                                                Verzeichnis der KZ-Außenlager 541



Ende/Befreiung                  Am 15. April durch englische Truppen befreit.
Quellen                         Anna Lorencovà/Anna Hyndrákovà. Die tschechische Gesellschaft
                                und die Juden in den Erinnerungen von Zeitzeugen, in: Theresi-
                                enstädter Studien und Dokumente 1999, hrsg. von Mliroslav
                                Karny und Raimund Kemper, Prag 1999, S. 141–167, hier S. 153;
                                Brief Anna Steiner an Petr M.;
                                Stadtarchiv Pirna, Bestand B IV. 1586, Bl. 16–32;
                                Hugo Jensch, Juden in Pirna, Pirna 1997, S. 69–71;
                                Dorota Sula, Filie KL Gross-Rosen (wybór artykulow), Walbrzych
                                2001, S. 80, nennt den 31. Januar 1945, siehe Andrea Rudorff/
                                Dorota Sula, Neusalz, in: Benz/Distel, Der Ort des Terrors, Band 6,
                                S. 397–399, hier S. 398;
                                Brenner, Todesmärsche über sächsische Straßen (Teil 2),
                                S. 115 vgl. YV Dok Nr. 03/3394, S. 56;
                                Brenner, Frauen in den Außenlagern des KZ Flossenbürg,
                                S. 351–364;
                                Brenner, Todesmärsche und Todestransporte, S. 70–79.


Außenlager KZ Sachsenhausen Schwarzheide, preußische Provinz Brandenburg (82).
Betreiber                       Benzin-Braunkohle AG (BRABAG).
Stärke der Kolonne              600 Männer, überwiegend jüdische Tschechen; auch Deutsche,
                                Polen, Franzosen, Holländer, Österreicher.
Beginn der Evakuierung          Am 18. April 1945 auf einen Todesmarsch in Richtung Theresien-
                                stadt (Terezín).
Marsch auf sächsischem Gebiet   Kamenz (Übernachtung in einer Ziegelei) – Bischhofswerda
                                (Übernachtung in einer Mulde);
                                20. April: Neustadt/Sachsen – Rugiswalde – Sebnitz – Saupsdorf
                                – Hinterhermsdorf (Übernachtung in drei Scheunen) – unterwegs
                                wurden gehunfähige Häftlinge ermordet.
weitere Evakuierung             23. April: Schön-Linde (Krasná Lipa) – Warnsdorf (Varnsdorf).
                                Der Häftlingszug blieb hier bis zum 5. Mai, die Häftlinge wurden
                                in jüdische und nicht-jüdische aufgeteilt. Die circa 120 „Arischen“
                                (TM 82.2) marschierten weiter über Heida (Novy Bor) bis
                                Langenau (Skalice) und wurden von der Roten Armee am 8. Mai
                                befreit. Die jüdischen Häftlinge (BT 82.1) trieb die SS auf dem
                                Bahnhof in Warnsdorf in offene Kohlewaggons. In Leipa (Ceská
                                Lipa) wurden 17 tote Häftlinge gezählt. Der Zug blieb zwei Tage
                                im Regen stehen und einige Häftlinge, die sich nicht mehr
                                bewegen konnten, ertranken im Regenwasser. Der Zug fuhr
                                weiter bis Leitmeritz (Litomerice) und die Häftlinge öffneten
                                selbst die Waggons.
Ende/Befreiung                  Am 8. Mai floh die Wachmannschaft und die Überlebenden
                                schleppten sich zu Fuß bis nach Theresienstadt (Terezín). Acht
                                Tote blieben zurück. Im Lager wurden die Überlebenden vom
                                Dänischen Roten Kreuz versorgt.
Quellen                         René Senenko, Stand: Februar 2007 Gruppe Grenzlos, www.
                                Grenzlos.info;
                                Rostowski, Lausitzer Almanach, Sonderausgabe II, 2014;
                                Thomas Irmer, Bericht.

542 KZ-Außenlager außerhalb Sachsens – Märsche




Außenlager KZ Buchenwald           Sonneberg, Thüringen (85).
Betreiber                          Maschinenfabrik G.E. Reinhardt.
Stärke der Kolonne                 467 Männer, überwiegend polnische und ungarische Juden.
Beginn der Evakuierung             4. April 1945: Bei Bekanntgabe der Evakuierung kam es unter
                                   den Häftlingen zu einer Revolte, bei der etwa 40 Häftlinge getötet
                                   wurden. Anschließend Marsch bis Neuhaus am Rennweg über
                                   Lehesten Rückmarsch;
                                   9. April 1945: Ankunft im Lager und erneuter Marsch über
                                   Kronach – Lobenstein – Saalburg nach Sachsen.
Marsch auf sächsischem Gebiet      14. April 1945: Zwischen Langenbuch und Mühltroff (1†) wurde
                                   sächsisches Gebiet erreicht, Marsch über Mehltheuer (ein
                                   Todesfall) nach Syrau (ein Todesfall);
                                   15. April 1945: Marsch Neundorf (sieben Todesfälle) – Kürbitz
                                   (zwei Todesfälle) – Meßbach (1†) – Pirk (fünf Todesfälle);
                                   16. April 1945: Marsch Bobenneukirchen (vier Todesfälle) –
                                   ­Bergen b. Adorf (1†) – Hermsgrün – Leubetha;
                                    17. April 1945: Marsch Wohlbach (sieben Todesfälle) – Gunzen
                                    (1†) – Rautenkranz (3†) – Zwota – Klingenthal. Vermutlich auf
                                    der Route Tannenbergsthal – Rautenkranz – Carlsfeld wurde das
                                    sächsische Gebiet verlassen.
Ende/Befreiung                      Auf tschechischem Gebiet am 7. Mai Befreiung durch amerikani-
                                    sche Streitkräfte.
Quellen                             Gerhard Stier, Sonneberg-West, in: Benz/Distel, Der Ort des
                                    Terrors, Band 3, S. 577–579;
                                    Archiv der Gedenkstätte Buchenwald, Häftlingsaussagen;
                                    aussenlager.buchenwald.de/index.php?article_id=74 –
                                    20.01.2014;
                                    Greiser, Die Todesmärsche von Buchenwald;
                                    sfi.usc.edu, 14.3.2013;
                                    Werner Pöllmann, Verstreut unter allen Völkern, Markneukirchen,
                                    2012; Sammlung Christine Schmidt.


Außenlager KZ Buchenwald           Staßfurt, OT Neu-Staßfurt, preußische Provinz Sachsen
                                   (86).
Betreiber                          Kommando „Reh“ (Ingenieurbüro Schlempp, Bauleitung 200) und
                                   Kommando „Wälzer“ (Firma Wälzer).
Häftlingsstärke                    Etwa 700 Männer, teilweise Juden.
Beginn der Evakuierung             11. April 1945: Lagerräumung;
                                   11.–13. April: Marsch über Warmsdorf – Dalena – Glebitsch;
                                   14. April: Glebitsch – Zaasch – Schenkenberg – Delitzsch – (Lin-
                                   denhayn – Hohenprießnitz) – Niederglauba – Wellaune;
                                   15. April: Wellaune – Düben – Görschlitz – Kossa;
                                   16. April: Kossa – Authausen – Pressel – Wildenhain – Mockrehna
                                   – Oberaudenhain;
                                   17. April: Oberaudenhain – Probsthain – Schildau – Sitzenroda –
                                   Lausa – Bockwitz;
                                   18. April: Von Bockwitz nach Sachsen.

                                                               Verzeichnis der KZ-Außenlager 543



Marsch auf sächsischem Gebiet   Schöna – Cavertitz – Laas – Schmorkau – Lonnewitz – Bornitz –
                                Reppen – Raitzen;
                                19. April: Raitzen – Hof – Staucha – Altsattel – Lommatzsch –
                                Großkagen – Löthain – Riemsdorf;
                                20. April: Riemsdorf – Ullendorf – Röhrsdorf – Sora – Wilsdruff –
                                Grumbach – Fördergersdorf – Kurort Hartha;
                                21. April: Kurort Hartha – Grillenburg – Klingenberg – Obercolm-
                                nitz – Pretzschendorf – Oberbobritzsch – Friedersdorf;
                                22. April: Friedersdorf – Burkersdorf – Nassau;
                                23. April: Nassau – Clausnitz;
                                24./25. April: Marschpause in Clausnitz;
                                26. April: Marsch Clausnitz – Friedebach – Sayda – großes
                                Vorwerk – Dittersbach-Neuhausen;
                                27. April bis 6. Mai: Dittersbach-Neuhausen;
                                7. Mai: Dittersbach – Heidersdorf – Oberneuschöneberg – Olbern-
                                hau – Ansprung;
                                8. Mai: Ansprung – Zöblitz – Marienberg – Mildenau – Annaberg/
                                Erzgeb.
Todesopfer/Vorkommnisse         221 bekannte Todesopfer entlang der Marschstrecke in Sachsen.
Ende der Evakuierung            Am 8. Mai wurden die überlebenden Häftlinge freigelassen.
Besonderheiten                  Der Evakuierungsverlauf wurde durch teilnehmende französische
                                Häftlinge bereits in den 1950er Jahren gut dokumentiert.
Quellen                         Sammlung Christine Schmidt.
";"data";"Anhang_D_-_KZ-Aussenlager_ausserhalb_Sachsens_-_Maersche.pdf"
"2";"Anhang_E_-_KZ-Aussenlager_ausserhalb_Sachsens_-_Bahntransporte.pdf";"KZ-Außenlager außerhalb Sachsens – Bahntransporte


Übersicht über bekannte Räumungstransporte aus Stammlagern oder deren
­Außenlagern mit der Bahn von Januar bis Mai 1945, die durch Sachsen führten

Außenlager des KZ Dora-­   Artern, preußische Provinz Sachsen (3).
Mittelbau
Betreiber                  Firma Gollnow und Sohn (Tarnname: Geyer und Sohn).
Häftlingsstärke            Etwa 250 männliche Häftlinge.
Evakuierung                Lagerräumung um den 5. April 1945 – Transport nach Tröglitz/
                           Rehmsdorf (keine Angaben zur Strecke bekannt).
Verbleib                   Eintreffen im Lager.
Quellen                    Joachim Neander, Dreiunddreißig Tage „auf Transport“. Die Evakuie-
                           rung des Konzentrationslagers „Adorf“, in: Aratora. Zeitschrift des
                           Vereins für Heimatkunde, Geschichte und Schutz von Artern e.V.,
                           Bd. 8 (1998), S. 137–148;
                           weitere Quellen siehe AL Tröglitz-Rehmsdorf.

544 KZ-Außenlager außerhalb Sachsens – Bahntransporte



Außenlager des KZ Groß-         Brieg, bei Pampitz (poln. Pepice), preußische Provinz Niederschlesien
Rosen                           (10).
Betreiber                       Osram Berlin, Tarnname: Kristall-Glas-GmbH (Ausbildung für
                                „Richard III“ in Leitmeritz).
Häftlingsstärke                 Circa 1.000 Männer.
Evakuierung                     25. Januar 1945.
Verbleib                        Brieg (Brzeg) – Hirschberg (Jelenia Góra) – Görlitz – Dresden – Pirna
                                – Tetschen (Decin) – Reichenberg (Liberec) – Aussig (Usti nad
                                Labem) – Teplitz (Teplice) – Komotau (Chomutov) – Annaberg/
                                Erzgeb. – Zwickau – Zeitz – Halle. Weiterfahrt eines Teils der Häft-
                                linge nach Nordhausen, Lager Dora), andere fahren nach Leitmeritz
                                (Litomerice), dabei wieder teilweise durch Sachsen.
Quellen                         Privatarchiv Hans Brenner.

Außenlager des KZ Buchen-       Duderstadt (preußische Provinz Hannover) (24).
wald
Betreiber                       Polte OHG.
Häftlingsstärke                 751 jüdische Frauen.
Evakuierung                     Am 5. April 1945 zunächst mit Bussen nach Seesen. Dann Bahntrans-
                                port über Magdeburg – Leipzig – Dresden – Bodenbach (Podmokly)
                                – Lobositz (Lovosice). Fußmarsch bis Theresienstadt.
Verbleib                        Ankunft von 719 Frauen am 26. April 1945 in Theresienstadt. Etwa
                                30 Frauen waren während des Transports umgekommen.
Quellen                         Gudrun Pischke, Duderstadt, in: Benz/Distel, Der Ort des Terrors,
                                Band 3, S. 422–424;
                                Poloncarz, Die Evakuierungstransporte nach Theresienstadt;
                                rabaranowski.de/polte-duderstadt-ruestungsbetrieb.

Außenlager des KZ Groß-         Großkoschen, preußische Provinz Brandenburg (34).
Rosen
Betreiber                       Lautawerk der Vereinigte Aluminium-Werke AG.
Häftlingsstärke                 Etwa 850 politische Häftlinge aus neun Ländern.
Evakuierung                     23./24. Februar 1945: 436 Häftlinge wurden mit der Bahn nach
                                Buchenwald gebracht und dort am 24. Februar registriert.
                                26. Februar 1945: Weitere 318 Häftlinge aus Großkoschen wurden
                                in die Buchenwalder Registratur aufgenommen. Einer der Häftlinge
                                war während des Transports verstorben. In Buchenwald kam es zu
                                einigen Fällen von Lynchjustiz unter den Häftlingen.
                                Anfang März 1945: Die verbliebenen etwa 100 Häftlinge wurden
                                zusammen mit den Maschinen und Ausrüstungen zunächst nach
                                Flossenbürg, später nach Dachau überstellt.
                                Die Fahrstrecken der Züge sind unbekannt. Eine Durchleitung durch
                                Sachsen ist anzunehmen.
Verbleib                        Bisher keine Untersuchungen.
Quellen                         Alfred Konieczny, Großkoschen, in: Benz/Distel, Der Ort des Terrors,
                                Band 6, S. 325–327;
                                Archiv der Gedenkstätte Buchenwald, Transportlisten.

                                                                Verzeichnis der KZ-Außenlager 545



Außenlager des KZ Dora-Mit-   Großwerther (35).
telbau
Arbeitseinsatz                Nur 40 Frauen wurden in einer Fabrik eingesetzt, wo sie wahrschein-
                              lich für die Mitteldeutschen Motorenwerke GmbH (Mimo) arbeiten
                              mussten.
Häftlingsstärke               290 Jüdinnen.
Evakuierung                   Ab 4. April 1945 Marsch nach Herzberg am Harz, von dort Bahntrans-
                              port über Braunschweig – Magdeburg – Riesa – Dresden – Prag –
                              Linz. Von dort Überstellung von 221 Frauen ins KZ Mauthausen, von
                              wo die meisten Frauen ins AL Gunskirchen marschieren mussten.
Verbleib                      Befreiung der Überlebenden am 5. Mai 1945 in Gunskirchen bezie-
                              hungsweise Mauthausen.
Quellen                       Brenner, Todesmärsche und Todestransporte, S. 131–136.

Außenlager des KZ Buchen-     Meuselwitz (61).
wald
Betreiber                     HASAG Meuselwitz.
Häftlingsstärke               1.440 Frauen (meist politische Häftlinge) und 326 Männer (über­
                              wiegend ungarische Juden), sowie etwa 600 Jüdinnen aus dem AL
                              Sömmerda der Rheinmetall-Borsig AG (84.2.).
Evakuierung                   Am 12. April 1945 Bahntransport über Altenburg – Niedersteinbach
                              – Penig – Chemnitz nach Graslitz (Kraslice). Da nach einem Bomben-
                              angriff die Zugfahrt nicht fortgesetzt werden konnte, folgte ein
                              Marsch in Richtung Theresienstadt.
Verbleib                      Befreiung der Überlebenden am Kriegsende auf tschechischem
                              Gebiet, unter anderem bei Postelberg an der Eger (Postoloprty),
                              Anzahl unbekannt.
Quellen                       Irmgard Seidel, Meuselwitz (Frauen) und Martin Schellenberg,
                              Meuselwitz (Männer), in: Benz/Distel, Der Ort des Terrors, Band 3,
                              S. 523–526 und 526–529;
                              Greiser, Die Todesmärsche von Buchenwald;
                              Archiv der Gedenkstätte Buchenwald, Transportlisten;
                              Milos Pick „Verstehen und nicht vergessen“. Durch Theresienstadt,
                              Auschwitz und Buchenwald-Meuselwitz. Jüdische Schicksale in
                              Böhmen 1939–1945, Konstanz 2000.

Außenlager des KZ Groß-       Morchenstern (Smrzovka) (64).
Rosen
Betreiber                     Mitteldeutsche Motorenwerke GmbH (Mimo).
Häftlingsstärke               300 polnische und ungarische Jüdinnen aus dem AL Zillerthal-Erd-
                              mannsdorf (Myslakowice).
Evakuierung                   Nachdem die Frauen erst am 19. Februar 1945 im Lager eingetroffen
                              waren, wurden sie am 15. März erneut evakuiert. Sie wurden mit der
                              Bahn nach Nordhausen gebracht, von wo sie nach Großwerther
                              marschieren mussten.
Verbleib                      Siehe Evakuierung Großwerther.
Quellen                       Privatarchiv Hans Brenner.

546 KZ-Außenlager außerhalb Sachsens – Bahntransporte



Außenlager des KZ Buchen-       Raguhn (75).
wald
Betreiber                       Heerbrandt-Werke Raguhn (für Junkers Werke AG)
Häftlingsstärke                 494 Frauen.
Evakuierung                     Abtransport mit der Bahn am 9. April 1945 quer durch Sachsen.
Verbleib                        Am 20. April 1945 wurden 429 Frauen in Theresienstadt (Terezín)
                                aufgenommen, fünf verstarben noch.
Quellen                         Irmgard Seidel, Raguhn, in: Benz/Distel, Der Ort des Terrors, Band 3,
                                S. 551–552.

Außenlager des KZ Groß-         Reichenau, Bolkenhain und Hirschberg (77).
Rosen
Herkunft                        Häftlinge aus Bolkenhain und Hirschberg waren zu Fuß im Februar
                                1945 nach Reichenau – das als Sitz der Lagerkommandantur genutzt
                                wurde – evakuiert worden.
Häftlingsstärke                 1.000 männliche Häftlinge.
Evakuierung                     Am 1. März 1945 Bahntransport durch Sachsen (Zittau – Dresden
                                – Flößberg (?)) nach Buchenwald.
Verbleib                        905 Häftlinge wurden am 7. März 1945 in Buchenwald registriert
Quellen                         Pavla Plachá/Andrea Rudorff, Reichenau, in: Benz/Distel, Der Ort des
                                Terrors, Band 6, S. 421–427;
                                Archiv der Gedenkstätte Buchenwald, Transportlisten.

Außenlager des KZ Buchen-       Schlieben (80), erster Bahntransporte (80.1), zweiter Bahntransport
wald                            (80.2.).
Betreiber                       Hugo-Schneider-AG (HASAG).
Häftlingsstärke                 Etwa 1.400 männliche Häftlinge.
Evakuierung                     Erster Bahntransport mit 700 Häftlinge vom 7. April bis 13. April
                                1945: Schlieben – Falkenberg/Elster – Leipzig – Halle – Leipzig –
                                Chemnitz – Dresden – Aussig (Ústí nad Labem) – Maria Ratschitz
                                (Mariánské Radcice). Am 14. April fuhr ein zweiter Transport mit
                                weiteren 700 Häftlingen von Schlieben nach Bautzen (7), wo 100
                                Häftlinge an das dortige Groß-Rosener AL abgegeben wurden.
                                Danach fuhr der Zug weiter und erreichte etwa am 19. April Maria
                                Ratschitz. Am 21. April wurde der Zug nach Theresienstadt gebracht.
                                Bei mehreren Aufenthalten der Züge wurden mindestens 60 Todes-
                                opfer in Massengräbern beerdigt.
Verbleib                        Am 21. April 1945 Aufnahme von 1.172 Lebendangekommenen in
                                Theresienstadt (Terezín).
Quellen                         Martin Schellenberg, Schlieben (Männer), in: Benz/Distel, Der Ort des
                                Terrors, Band 3, S. 563–566;
                                Schwarz, Von Wilna nach Schlieben, S. 149–155;
                                Poloncarz, Die Evakuierungstransporte nach Theresienstadt.

                                                              Verzeichnis der KZ-Außenlager 547



Außenlager des KZ Buchen-   Tröglitz/Rehmsdorf, „Wille“, preußische Provinz Sachsen (89).
wald                        Der Lagerstandort befand sich zunächst zwischen den Gemeinden
                            Tröglitz, Gleina und Rehmsdorf, später war es ein Barackenlager
                            bei Rehmsdorf.
Betreiber                   BRABAG
Häftlingsstärke             Etwa 2.800 überwiegend jüdische Häftlinge.
Evakuierung                 Am 8. April 1945 wurden die Häftlinge mit der Bahn über Altenburg
                            – Gößnitz – Chemnitz – Flöha – Pockau-Lengefeld – Marienberg –
                            Reitzenhain transportiert. Nachdem in Pockau-Lengenfeld zwei Tote
                            ausgeladen worden waren, wurden am 14. April auf dem Bahnhof
                            Marienberg-Gelobtland 144 Tote an der Straße nach Pobershau
                            verscharrt. Zwei Häftlinge wurden lebendig begraben.
                            Nach Luftangriffen kam es in Reitzenhain zur Massenflucht, in deren
                            Ergebnis 218 Häftlinge ermordet und in der Umgebung verscharrt
                            wurden. 354 weitere Häftlinge überlebten den Marsch nach Leitme-
                            ritz beziehungsweise Theresienstadt nicht.
Verbleib                    912 Häftlinge wurden in Theresienstadt und 759 nichtjüdische
                            Häftlinge bei Kaplice befreit.
Quellen                     Czossek, Vernichtung, Auftrag und Vollendung;
                            Greiser, Die Todesmärsche von Buchenwald;
                            Poloncarz, Die Evakuierungstransporte nach Theresienstadt;
                            Archiv der Gedenkstätte Buchenwald, Sammlung Außenlager.

Außenlager des KZ Buchen-   Wernigerode-Hasserode (92).
wald
Betreiber                   Junkers Flugzeug- und Motoren-Werke AG Dessau
Häftlingsstärke             Etwa 500 männliche Häftlinge.
Evakuierung                 Eine Gruppe mit Kähnen elbaufwärts durch Sachsen bis Leitmeritz,
                            eine zweite Gruppe in einem LKW-Transport von Calbe über Dresden
                            und Pirna nach Leitmeritz.
Verbleib                    Etwa 180 Häftlinge wurden bei Budweis (Ceske Budejowice) am
                            9. Mai 1945 befreit, etwa 60 in Leitmeritz.
Quellen                     Franziska Jahn, Wernigerode (>Richard<), in: Benz/Distel, Der Ort
                            des Terrors, Band 3, S. 606–609;
                            Greiser, Die Todesmärsche von Buchenwald.

Außenlager des KZ Buchen-   Wolfen (94).
wald
Betreiber                   Aktiengesellschaft für Anilinfabrikation (AGFA)
Häftlingsstärke             225 nichtjüdische Frauen aus Wolfen, 115 Französinnen aus einem
                            unbekannten Lager (Magdeburg?).
Evakuierung                 Abtransport mit der Bahn zwischen 14. und 16. April 1945 über
                            Leipzig und Dresden. Entladung in Pirna und Marsch nach Auper-
                            schien (Úporiny) bei Teplitz-Schönau oder/und Bahntransport bis
                            Auperschien. Keine Angaben zu Todesopfern bekannt.
Verbleib                    Befreiung am Kriegsende bei Auperschien.

548 Evakuierungstransporte aus KZ-Stammlagern durch Sachsen



Quellen                         Irmgard Seidel, Wolfen, in: Benz/Distel, Der Ort des Terrors, Band 3,
                                S. 618–621;
                                Bundesarchiv Außenstelle Ludwigsburg, B 162/9546.
";"data";"Anhang_E_-_KZ-Aussenlager_ausserhalb_Sachsens_-_Bahntransporte.pdf"
"3";"Anhang_F_-_Evakuierungstransporte_aus_KZ-Stammlagern_durch_Sachsen.pdf";"Evakuierungstransporte aus KZ-Stammlagern durch Sachsen

Transport zwischen        Auschwitz – Buchenwald (102).
Häftlingsstärke           Stärke und Abfahrtszeit unbekannt.
Dauer und Weg des Bahn-   Auschwitz – Cheb (Eger) – Adorf/V. (am 25. Januar 1945 abends) –
transports                Plauen – Werdau – Weimar – Buchenwald.
Verbleib                  Am 26. Januar 1945 Aufnahme von 3.987 Häftlingen in Buchenwald.
Anzahl Todesopfer         52 Häftlinge waren bei Ankunft in Buchenwald tot, 72 starben kurz
                          nach der Ankunft. Zwei Tote waren am 25. Januar 1945 gegen 22 Uhr
                          auf dem Bahnhofsgelände Adorf gefunden worden.
Quellen                   Archiv der Gedenkstätte Buchenwald, Zugangsliste der Politischen
                          Abteilung vom 26. Januar 1945;
                          Hauptstaatsarchiv Dresden Landesregierung Sachsen, Ministerium
                          für Arbeit und Sozialfürsorge, Bestand 11391, Sign. 993, Ermittlung
                          der Gräber von Häftlingen der faschistischen Konzentrationslager
                          Teil 2.

Transport zwischen        Auschwitz-Monowitz – Sachsenhausen (103).
Häftlingsstärke           Circa 7.000 Häftlinge.
Dauer und Weg des Bahn-   Am 18. Januar 1945 Marsch nach Gleiwitz (Gliwice), dann Transport
transports                mit einem offenen Zug (etwa 100 Waggons) zum KZ Mauthausen,
                          aber wegen Überfüllung Weiterleitung über Tetschen (Decín) und
                          Dresden (am 27. Januar 1945) nach Sachsenhausen. Während des
                          Bahntransportes herrschte in Mitteleuropa eisiges Winterwetter mit
                          Tagestempertaturen um -20oC.
Verbleib                  Ankunft von etwa 3.800 Häftlingen am (Datum unklar) im KZ
                          Sachsenhausen.
Anzahl Todesopfer         Insgesamt etwa 3.200 Häftlinge. 73 Tote, die im Abschnitt Bodenbach
                          – Pirna aus dem Zug geworfen worden waren, wurden am 28. Januar
                          in Pirna in einem Massengrab beerdigt.
Quellen                   Bericht Justin Sonder, Chemnitz, aufgenommen am 14.2.2015 von R.
                          Ritscher;
                          Stadtarchiv Pirna, PDS-Bestand, Opfer des Faschismus, Massengrab
                          auf dem Friedhof Pirna, S 17.

Transport zwischen        Auschwitz – Wien – Dora-Mittelbau (111).
Häftlingsstärke           Mindestens 2.000 Häftlinge, davon etwa 1.000 aus dem AL Fürsten-
                          grube (Wesola) des KZ Auschwitz.

                                                            Verzeichnis der KZ-Außenlager 549



Dauer und Weg des Bahn-   Ab 19. Januar 1945 Fußmarsch nach Gleiwitz und Bahnverladung.
transports                Fahrt über Mährisch-Ostrau (Ostrava), Zlin (Zlín), Ludenberg
                          (Breclav) und Wien nach Mauthausen. Da die Aufnahme verweigerte
                          wurde, begann eine Weiterfahrt über Regensburg und Nürnberg. Am
                          27. Januar Einfahrt in Sachsen bei Gutenfürst über Plauen, Zwickau,
                          Chemnitz, Leipzig, (Halle) und Weimar. Ankunft von 1.849 Häftlingen
                          am 4. Februar in Nordhausen (KZ Mittelbau-Dora). Während des
                          Bahntransportes herrschte in Mitteleuropa eisiges Winterwetter mit
                          Tagestempertaturen um -20oC.
Verbleib                  Die meisten Häftlinge wurden bis Lübeck getrieben und fanden bei
                          der Bombardierung der „Cap Arcona“ in der Lübecker Bucht am
                          3. Mai 1945 den Tod.
Anzahl Todesopfer         Etwa 280 Häftlinge aus Fürstengrube wurden vor oder nach der
                          Evakuierung ermordet.
                          43 Todesopfer wurden auf sächsischem Gebiet aus dem Zug gewor-
                          fen. Weitere 464 Leichen wurden bei Ankunft in Nordhausen
                          ausgeladen.
Quellen                   Wagner, Produktion des Todes, Das KZ Mittelbau-Dora;
                          Hoch, Von Auschwitz nach Holstein – Die jüdischen Häftlinge von
                          Fürstengrube.

Transport zwischen        Bergen-Belsen – Theresienstadt (105).
Häftlingsstärke           Etwa 2.000 Insassen des Austauschlagers (meist ganze Familien).
Dauer und Weg des Bahn-   Vom 9. bis 21. April 1945 Fahrt von Bergen-Belsen durch Nord-
transports                deutschland über Berlin, Lübbenau, Bernsdorf (Sachsen), Ebersbach/
                          OL, Georgswalde (Jiríkov) nach Theresienstadt.
Verbleib                  Ankunft von 1.706 Überlebenden in Theresienstadt.
Anzahl Todesopfer         Etwa 250 Tote während des Bahntransports.
Quellen                   Stiftung Niedersächsische Gedenkstätten, Bergen-Belsen, Katalog der
                          Dauerausstellung;
                          Poloncarz, Die Evakuierungstransporte nach Theresienstadt.

Transport zwischen        Bergen-Belsen – Tröbitz/Elster, „Verlorener Transport“ (106).
Häftlingsstärke           Etwa 2.200 Häftlinge des Austauschlagers (meist ganze Familien).
Dauer und Weg des Bahn-   Vom 11. bis 21. April 1945 Fahrt von Bergen-Belsen durch Nord-
transports                deutschland über Berlin, Lübbenau, Senftenberg und Finsterwalde
                          bis zur zerstörten Elsterbrücke bei Tröbitz.
Verbleib                  Befreiung der Überlebenden am 23. April 1945 durch sowjetische
                          Truppen.
Anzahl Todesopfer         Während der Fahrt etwa 200 Tote, nach der Befreiung 320 weitere
                          Opfer – auch unter der örtlichen Zivilbevölkerung – wegen Typhus,
                          davon 15 Opfer in Riesa beigesetzt.

550 Evakuierungstransporte aus KZ-Stammlagern durch Sachsen



Quellen                         Stiftung Niedersächsische Gedenkstätten, Bergen-Belsen, Katalog der
                                Dauerausstellung;
                                www.gemeinde-troebitz.de/seite/36472/allgemeines.html\ –
                                31.3.2014;
                                Archiv der Gedenkstätte Buchenwald, Brief von Ch. Mandelbaum an
                                den Bürgermeister der Stadt Riesa vom 17.10.1994 und Auskunft des
                                Trinitatisfriedhofs Riesa vom 8.11.1994.

Transport zwischen              Buchenwald – Leitmeritz (107).
Häftlingsstärke                 1.500 Häftlinge.
Dauer und Weg des Bahn-         Vom 7. bis 9. April 1945 von Weimar über Zeitz – Meuselwitz – Pegau
transports                      – Leipzig – Riesa – Dresden – Heidenau – Bodenbach (Podmokly) –
                                Aussig – Leitmeritz.
Verbleib                        1.473 Häftlinge wurden in Leitmeritz aufgenommen.
Anzahl Todesopfer               Während des Transports mindestens 27 Abgänge, davon ein Toter auf
                                dem Bahnhof Riesa. Ein Häftling, der bei Glaubitz aus dem Zug
                                gestürzt war, überlebte.
Quellen                         Greiser, Die Todesmärsche von Buchenwald;
                                Archiv der Gedenkstätte Buchenwald, Häftlingsdatenbank;
                                Bericht Herbert Köhler, Glaubitz (Archiv Christine Schmidt).

Transport zwischen              Buchenwald – Tachau – Flossenbürg (108).
Häftlingsstärke                 2.400 Häftlinge
Dauer und Weg des Trans-        7. bis etwa 9. April 1945 Bahntransport von Weimar über Meerane,
ports                           Zwickau, Lengenfeld/V., Auerbach und Falkenstein/V. nach Tachau
                                (Tachov), dann Weitermarsch.
Verbleib                        Am 10. April erreichte die Kolonne das KZ Flossenbürg.
Anzahl Todesopfer               Keine Angaben.
Quellen                         ITS Bad Arolsen, Evacuation cc. Buchenwald-March-April 1945;
                                Compiled and drawn by documents intelligence section records
                                branch ITS 31.3.1950;
                                Greiser, Die Todesmärsche von Buchenwald.

Transport zwischen              Buchenwald – Dachau (109).
Häftlingsstärke                 Circa 4.800 – 5.000 Häftlinge.
Dauer und Weg des Bahn-         9.–27./28. April 1945. Von Weimar über Weißenfels, Leipzig und
transports                      Chemnitz nach Komotau. Von dort über Kaaden, Pilsen und Taus, bis
                                am 19. April Nammering erreicht wurde. Bei einem längeren
                                Aufenthalt wurden etwa 250 Tote verbrannt und Erschießungen
                                vorgenommen. Am 24. April fuhr der in mehrere Teile zergliederte
                                Zug weiter. Insgesamt 523 Leichen wurden nach dem Krieg gefunden.
Verbleib                        Ankunft von insgesamt 2.385 Häftlingen im KZ Dachau in zwei
                                Zugteilen am 27. und 28. April 1945.
Anzahl Todesopfer               Über Tote auf sächsischem Gebiet liegen keine Angaben vor.
Quellen                         Greiser, Die Todesmärsche von Buchenwald;

                                                              Verzeichnis der KZ-Außenlager 551



Transport zwischen         Buchenwald – Salzburg (110).
Häftlingsstärke            4.800 Häftlinge.
Dauer und Weg des Bahn-    8. April 1945 Abfahrt in Weimar, am 9. April über Zeitz nach
transports                 Glauchau. Weiter am 10. April über Chemnitz und Flöha bis Reitzen-
                           hain. Am 11. April wurde Sachsen verlassen und am 15. April kam
                           der Zug in Tachau an, von wo 3.732 Häftlinge nach Flossenbürg
                           marschieren mussten. Die restlichen Häftlinge traten eine Irrfahrt auf
                           tschechischem Gebiet an. Am 20. April wurden weitere Häftlinge an
                           die 6. Eisenbahnbaubrigade abgegeben.
Verbleib                   Am 6./7. Mai 1945 wurden 87 französische Häftlinge bei Salzburg
                           befreit. Andere Häftlinge wurden an verschiedenen Orten in Süd-
                           deutschland befreit.
Anzahl Todesopfer          Während des Transports wurden bei Stopps immer wieder Häftlinge
                           erschossen und die Todesopfer neben den Bahnstrecken beerdigt.
Quellen                    Greiser, Die Todesmärsche von Buchenwald.

Transport zwischen         Groß-Rosen – Leitmeritz (101).
Häftlingsstärke            Unbekannt.
Dauer des Bahntransports   Ab etwa 8. Februar 1945.
Fahrstrecke                Görlitz – Dresden – Aussig (Ústí nad Labem) – Leitmeritz
                           (Litomerice).
Bekannte Opfer             In Aussig wurden 150 Tote aus dem Transport ausgeladen.
Quellen                    Privatarchiv Hans Brenner.

Transport zwischen         Groß-Rosen – Weiden – unbekannt (104).
Häftlingsstärke            Unbekannt.
Dauer des Bahntransports   Am 12. Februar 1945, um 5.55 Uhr, passierte Sonderzug 90242 den
                           Bahnhof Neukieritzsch.
Fahrstrecke                Groß-Rosen – Görlitz – Dresden – Leipzig – Hof – weitere Strecke
                           unbekannt.
Bekannte Opfer             Zwei Tote, ein Schwerverletzter, der wahrscheinlich verstarb.
Quellen                    Staatsarchiv Leipzig, Bestand Amtshauptmannschaft Borna, Nr. 2365.

Transport zwischen         Groß-Rosen – Mauthausen – Bergen-Belsen (112).
Häftlingsstärke            Mehrere tausend Häftlinge, darunter die Überlebenden des Todes-
                           marsches des AL Breslau-Hundsfeld (Wroclaw Psie Pole – Stärke
                           1.000 Frauen) in das Stammlager Groß-Rosen, der am 24. Januar
                           1945 begonnen hatte.
Dauer der Evakuierung      Bahntransport ab 10. Februar 1945 mit dem Ziel Mauthausen. Die
                           Fahrt führte durch Sachsen, Thüringen und Bayern nach Mauthausen.
                           Wegen Überfüllung wurden die Häftlinge nicht aufgenommen und
                           nach Bergen-Belsen gebracht, wo die Überlebenden am 15. April
                           befreit wurden.

552 Evakuierungstransporte aus KZ-Stammlagern durch Sachsen



Fahrstrecke                     Groß-Rosen – Hirschberg (Jelenia Góra) – Görlitz – Dresden – Leipzig
                                – Weimar (hier erfolgte ein Bombenangriff) – Nürnberg – Mauthau-
                                sen. Die Fahrstrecke von Mauthausen nach Bergen-Belsen ist nicht
                                bekannt, führte wahrscheinlich durch Sachsen.
Bekannte Opfer                  Durch die Kompensations-Treuhand konnten 262 Lebende des
                                Außenlagers Breslau-Hundsfeld ausfindig gemacht werden.
Quellen                         Privatarchiv Hans Brenner.
";"data";"Anhang_F_-_Evakuierungstransporte_aus_KZ-Stammlagern_durch_Sachsen.pdf"
